Brukernavn,Passord,Fornavn,Etternavn,Epost,Telefonnummer,Postnummer
Mira.Keller,SolenGiraff23,Mira,Keller,biv-ikacore81@outlook.com,3816128043,3530
Johan.Duke,BloborHusky87,Johan,Duke,kosidu-dori30@hotmail.com,4762614010,3530
London.Cunningham,SjoenElefant42,London,Cunningham,fadal_acize96@gmail.com,5576433285,3530
Claire.Melton,FjelleneKatt16,Claire,Melton,leciy-ejuka9@aol.com,9153542265,3530
Kareem.Garrison,RegnbueApe59,Kareem,Garrison,mes_ozogasu99@outlook.com,6997949084,3530
Kyler.Ferrell,SkogenLove71,Kyler,Ferrell,leh-osucuko31@mail.com,2266909939,3530
Camryn.Carver,SommerenHval38,Camryn,Carver,sayeru_vuru32@aol.com,3135307725,3530
Edith.Campbell,FugleneDelfin94,Edith,Campbell,xikide_bebo26@yahoo.com,9924509590,3530
Reed.Glover,RosenPanda26,Reed,Glover,vigowe-jepe60@hotmail.com,3854671000,3530
Cailyn.Hobbs,SnoenTiger68,Cailyn,Hobbs,vadot-apuwe65@mail.com,7109785329,3530
Jade.Mosley,HavetKoala53,Jade,Mosley,bose_wituwu7@aol.com,8297933744,3530
Deandre.Daugherty,TrorneHai77,Deandre,Daugherty,suru-wonocu12@outlook.com,3174116246,3530
Dallas.Pruitt,VulkanenSlange45,Dallas,Pruitt,ram_efexopa73@yahoo.com,5624299561,3530
Makhi.Robertson,MonenGepard12,Makhi,Robertson,yohec-orevo83@aol.com,5894865145,3530
Mark.Walsh,IsenGiraff81,Mark,Walsh,xitimu_xele44@yahoo.com,7024671819,3530
Kamden.Black,VindenElefant64,Kamden,Black,vofar_akohi45@yahoo.com,2493584096,3530
Andrew.Hale,JordenHusky29,Andrew,Hale,yafog-onuwa16@mail.com,5708809048,3530
Katelynn.Odom,HimmelenKatt57,Katelynn,Odom,hikoled_usu89@outlook.com,3258537560,3530
Francisco.Dalton,StrandenApe23,Francisco,Dalton,meyi_voleji61@outlook.com,9258901177,3530
Esther.Davenport,BlomsteneLove76,Esther,Davenport,deboy-asuji8@outlook.com,4344092897,3530
Tommy.Beltran,ElvenHval48,Tommy,Beltran,zuhunef_iju75@yahoo.com,2659281112,3530
Aedan.Pennington,SkyeneDelfin89,Aedan,Pennington,kaz-agucopu13@gmail.com,7972177992,3530
Daniela.Foley,RegnetPanda35,Daniela,Foley,jogogu-zejo44@outlook.com,7588397545,3530
Kolten.Kerr,SjofuglerTiger72,Kolten,Kerr,vay_agiyifu24@hotmail.com,6542543582,3530
Junior.Cunningham,InnsjoenKoala61,Junior,Cunningham,tigot_ejane1@yahoo.com,2789853086,3530
Daniella.Coleman,SnoflakDelfin18,Daniella,Coleman,tamohul_uhi94@hotmail.com,2249285633,3530
Shelby.Boyd,SkumringenPanda98,Shelby,Boyd,megire_lija76@yahoo.com,4132839869,3530
Patience.Choi,BolgeneHai44,Patience,Choi,nosekis_avu99@yahoo.com,4737408100,3530
Weston.Wolfe,MorgenfuglenSlange67,Weston,Wolfe,yuna-bopugi67@outlook.com,3427302001,3530
Natalia.Tate,StjerneneGiraff55,Natalia,Tate,piveyet-abi9@gmail.com,4092681000,3530
Monserrat.Weiss,VinterenElefant82,Monserrat,Weiss,pacode_ducu8@outlook.com,5216416444,3530
Lennon.Macdonald,SommerfuglenHusky27,Lennon,Macdonald,mirilev_ipo28@mail.com,6379847163,3530
Alina.Mueller,SanddyneneKatt73,Alina,Mueller,xuluv_atina17@yahoo.com,6003975340,3530
Giancarlo.Matthews,LovetannenApe39,Giancarlo,Matthews,feseva_waro86@hotmail.com,3655371677,3530
Martin.Phelps,FjordraktenLove96,Martin,Phelps,xuwuxaj-una59@gmail.com,5017630339,3530
Ronald.Mcintosh,GressetHval14,Ronald,Mcintosh,nawadad_oxu44@mail.com,9916215294,3530
Lena.Joseph,FossenDelfin63,Lena,Joseph,yas_utizima94@aol.com,7212189792,3530
Taylor.Avery,KaktusenPanda91,Taylor,Avery,biv-awiluda78@aol.com,2408616353,3530
Jadon.Hoffman,EkkornetTiger51,Jadon,Hoffman,fituwed-uyo2@hotmail.com,2788666802,3530
Ben.Sutton,BjornenKoala22,Ben,Sutton,tuzokur_ofo76@hotmail.com,4275614730,3530
Jadyn.Fowler,FjoraHai88,Jadyn,Fowler,peguy-elasi15@mail.com,7852896990,3530
Alexis.Bartlett,NordlysSlange77,Alexis,Bartlett,goce-limove32@hotmail.com,6655714137,3530
Cristina.Ponce,LovetGiraff35,Cristina,Ponce,pokij_ebuze19@mail.com,8157488046,3530
Lindsey.Wilkerson,KystenElefant62,Lindsey,Wilkerson,gil_ezifimi98@yahoo.com,2136129945,3530
Ximena.Marsh,SkyggenHusky49,Ximena,Marsh,rej-unocaye23@outlook.com,8114935140,3530
Braxton.Hoover,FuglesangenKatt25,Braxton,Hoover,gex-apeyoze24@aol.com,8347295341,3530
Quinn.Ray,LysetApe99,Quinn,Ray,fomika_luya76@mail.com,6836840014,3530
Gerald.Cummings,RegnbuenLove71,Gerald,Cummings,sebef_ejoke47@outlook.com,8265131634,3530
Halle.Snow,HavbolgenHval16,Halle,Snow,nofo-lobezu65@gmail.com,3785448670,3530
Kristin.Ford,SommervarmenDelfin84,Kristin,Ford,kuhokov_opu57@aol.com,5696982523,3530
Londyn.Solomon,SkogenPanda58,Londyn,Solomon,cem-ujuhobe50@mail.com,4816275475,3530
Khloe.Hardy,GresshoppeneTiger33,Khloe,Hardy,tupezim-ixu51@outlook.com,4306800196,3530
Rowan.Ruiz,ornenKoala11,Rowan,Ruiz,zezu_fejide66@yahoo.com,2827107268,3530
Terrell.Petty,IsbjornenHai67,Terrell,Petty,wuliyuc-ajo63@gmail.com,6589986443,3530
Ian.Gilbert,VannliljenSlange45,Ian,Gilbert,soru-mafoma21@outlook.com,8518672232,3530
Asa.Hunt,GranskogenGepard78,Asa,Hunt,kavovor_ugo29@outlook.com,7017519580,3530
Rodolfo.Russell,MonenGiraff23,Rodolfo,Russell,laf_uwojeve15@hotmail.com,5887665325,3530
Jamal.Berg,ElvestienElefant96,Jamal,Berg,rog_ivaseje69@mail.com,5972583737,3530
Jermaine.Herring,KlippenHusky57,Jermaine,Herring,gaci_pidame24@hotmail.com,7437405229,3530
Rodrigo.Acosta,SolfylteKatt31,Rodrigo,Acosta,bafe-hezame69@aol.com,7516324048,3530
Aubrey.Gibbs,FjelltoppenApe82,Aubrey,Gibbs,tux-isocola54@hotmail.com,5689880477,3530
Donna.Duke,GosungenLove48,Donna,Duke,wewemu-nalu88@aol.com,5603588652,3530
Mariah.Ewing,FossefalleneHval75,Mariah,Ewing,tejob_asebu43@hotmail.com,8907288792,3530
Amelie.Burch,SnofnuggetDelfin19,Amelie,Burch,wuruh-owace48@mail.com,5719669627,3530
Aaden.Glover,orkenenPanda66,Aaden,Glover,wawo-kefani89@hotmail.com,4474414440,3530
Laney.Horne,MyggenTiger39,Laney,Horne,vipawe_besi60@mail.com,2607685440,3530
Hanna.Shaffer,BreenKoala28,Hanna,Shaffer,vop-abuyizi23@yahoo.com,2718618390,3530
Chase.Schmitt,RavneneHai89,Chase,Schmitt,pos-ovuhoxo44@aol.com,7898372671,3530
Maleah.Shannon,GressplenenSlange54,Maleah,Shannon,zuweheg_azi77@aol.com,9327931271,3530
Sage.Stewart,MorgenfrostenGepard12,Sage,Stewart,welivig-ogo16@gmail.com,9153304695,3530
Naomi.Bender,TordenkulenGiraff63,Naomi,Bender,nazo_kaguji49@yahoo.com,9538684736,3530
Georgia.Mclean,SkogbunnenElefant87,Georgia,Mclean,zoxice_rami84@outlook.com,2498691694,3530
Jaylen.Villa,SvalbardHusky41,Jaylen,Villa,wova_fopinu43@yahoo.com,5317751577,3530
Bryan.Lang,SolstroleneKatt75,Bryan,Lang,tunu-fubuma88@hotmail.com,9656316560,3530
Clara.Gentry,BlomsterengenApe22,Clara,Gentry,femeja-maru91@gmail.com,5789650266,3530
Teagan.Blevins,VorbrisenLove98,Teagan,Blevins,ped_edajowu73@hotmail.com,6035826291,3530
Tess.Frye,HostlovetHval51,Tess,Frye,huzapav_ita43@yahoo.com,7685038800,3530
Emma.Gallagher,SommerbrisDelfin73,Emma,Gallagher,yugufoy_uni53@outlook.com,7743779250,3530
Paige.Velasquez,LavendelenPanda36,Paige,Velasquez,zuheve-coti1@mail.com,6879315990,3530
Matthias.Patton,FjellbjornenTiger69,Matthias,Patton,dosura-lafa87@mail.com,4172083633,3530
Terry.Evans,GullfiskenKoala14,Terry,Evans,zuli-jizawa40@hotmail.com,2465761126,3530
Genesis.Strong,KrokeneHai67,Genesis,Strong,jeg-uziyaro27@gmail.com,4299056865,3530
Cason.Sandoval,RegndropenSlange44,Cason,Sandoval,xesiti-rafe48@hotmail.com,8174515598,3530
Angeline.Schultz,SommerfuglvingenGepard83,Angeline,Schultz,kigoxo-tewa16@aol.com,8875363366,3530
Brynlee.Nash,MokeskriketGiraff29,Brynlee,Nash,pajezid_usi52@yahoo.com,3666591555,3530
Maddison.Dawson,TokenElefant96,Maddison,Dawson,xipo-cituha93@yahoo.com,3498618587,3530
Anastasia.Hendrix,FjellskrentenHusky58,Anastasia,Hendrix,wez-isucagi77@outlook.com,3614806004,3530
Erick.Villarreal,RosenbuskenKatt25,Erick,Villarreal,xoci-dikupo43@hotmail.com,4295953669,3530
Ahmed.Shelton,BolgeneApe11,Ahmed,Shelton,sosok-uriri82@yahoo.com,9678418468,3530
Samara.Kaufman,GryningenLove77,Samara,Kaufman,suxova-lena95@mail.com,9063277068,3530
Daphne.Harvey,NordavindenHval43,Daphne,Harvey,futa_fiyifu95@aol.com,7176213886,3530
Aleena.Underwood,FjellskogenDelfin68,Aleena,Underwood,xiru_hituzo16@gmail.com,7219015563,3530
Charlize.Elliott,SolnedgangenPanda52,Charlize,Elliott,tilevom_iku87@mail.com,9236184866,3530
Santos.Rivers,SolsikkenTiger19,Santos,Rivers,makoz-okazu68@yahoo.com,7229258674,3530
Tanya.Sheppard,SnoskavlenKoala84,Tanya,Sheppard,sog-apezafi8@aol.com,8505264930,3530
Abril.Holder,KystlandskapetHai32,Abril,Holder,yik-ukamema97@aol.com,8265549783,3530
Ashly.Castaneda,ElvebreddenSlange64,Ashly,Castaneda,puhew-ubolo1@aol.com,9614277542,3530
Justice.Bauer,MonekatteneGepard78,Justice,Bauer,riyar-emire53@outlook.com,3096603404,3530
Jeffrey.Grant,StjerneklartGiraff27,Jeffrey,Grant,wehaji_degu66@aol.com,6037077612,3530
Marie.Dunlap,BregnebladeneElefant45,Marie,Dunlap,doyoli-gika91@aol.com,5335201880,3530
Noah.Davis,SolskinnsguttenHusky89,Noah,Davis,burepul_ape42@gmail.com,8802321314,3530
Avery.Holloway,TokebankeneKatt56,Avery,Holloway,joz-erojaco15@yahoo.com,8729082673,3530
Noel.Moran,FjellfotenApe22,Noel,Moran,bukes_ugisu30@mail.com,7185922459,3530
Austin.Michael,SolstrolenLove63,Austin,Michael,yex_unaceyi58@outlook.com,7916952193,3530
Bella.Bryan,VandrefalkenHval47,Bella,Bryan,hitude_liva54@yahoo.com,9694513823,3530
Ciara.Fuentes,RegnbuefiskenDelfin91,Ciara,Fuentes,vijoy_exabo98@aol.com,9363723485,3530
Alessandra.Castro,BlomsterpottePanda37,Alessandra,Castro,ciyem-ihoxe89@aol.com,6619980455,3530
Leroy.Hobbs,IsfjelletTiger71,Leroy,Hobbs,feza_yimewu92@mail.com,5705323333,3530
Layton.Spence,SkjelleneKoala16,Layton,Spence,nehe-hijuje84@outlook.com,3289826419,3530
Ashlynn.Hayes,BlomeisenHai99,Ashlynn,Hayes,ducor-uzuza68@mail.com,9748504822,3530
Freddy.Middleton,MonelysetSlange44,Freddy,Middleton,pahumif_abu42@outlook.com,6256017671,3530
Virginia.Wallace,HavornenGepard73,Virginia,Wallace,vagedog_aca55@hotmail.com,2002632463,3530
Lillie.Parsons,ElgoksenGiraff28,Lillie,Parsons,wiso-megeni72@mail.com,9033629445,3530
Walter.Lawrence,SkogsjoenElefant82,Walter,Lawrence,sohod_aroyo64@hotmail.com,3186200667,3530
Solomon.Camacho,SommerfuglvingenHusky55,Solomon,Camacho,pozer_udabu16@yahoo.com,6178945064,3530
Alexus.Huynh,HestehovenKatt19,Alexus,Huynh,bov_eyolira79@mail.com,7562102773,3530
Wyatt.Haas,LyngblomstenApe66,Wyatt,Haas,buzuva_kuno15@hotmail.com,9447587534,3530
Jaydon.Sawyer,SkjorgordenLove88,Jaydon,Sawyer,hol_efumeza53@gmail.com,4633092747,3530
Clare.Mcdonald,SvalbardgosaHval33,Clare,Mcdonald,nozepab_ali71@outlook.com,3905836749,3530
Bennett.Mullins,MorgenstjernenDelfin72,Bennett,Mullins,sotiwak-ama20@mail.com,9203160622,3530
Brendon.Brewer,KonglekransenePanda48,Brendon,Brewer,pikoy_ajile81@mail.com,3446064373,3530
Lacey.Pitts,FroskehoppetTiger14,Lacey,Pitts,tirojej_ixe28@mail.com,4893673142,3530
Edward.Frost,FuglesangeneKoala97,Edward,Frost,situpi_huwe58@hotmail.com,8929114450,3530
Waylon.Barnett,SnokrystalleneHai21,Waylon,Barnett,limu-homije22@yahoo.com,7276618241,3530
Sandra.Frederick,SommerfuglensSlange45,Sandra,Frederick,napi_kavevo63@gmail.com,8738146353,3530
Abbigail.Greene,HavfruenGepard66,Abbigail,Greene,zuxen-oxena4@outlook.com,2086534927,3530
Anika.Blake,EngelskogGiraff78,Anika,Blake,bozawi_biye79@hotmail.com,6193111198,3530
Jaiden.Rodriguez,MoneblomstenElefant23,Jaiden,Rodriguez,biru-lirola36@gmail.com,6398297908,3530
Laurel.Khan,FjellveggenHusky57,Laurel,Khan,gapuril_ita91@aol.com,3738670697,3530
Emely.Flynn,SommerfuglvingeneKatt91,Emely,Flynn,litahal-oti58@yahoo.com,7749798871,3530
Kaleb.Macias,SolskinnsguttenApe32,Kaleb,Macias,giwukil-ama16@gmail.com,7732224205,3530
Orion.Griffith,NattergalenLove84,Orion,Griffith,picanah-iwi97@gmail.com,6874156411,3530
Alexander.Pittman,NordlysetHval49,Alexander,Pittman,tajicor_ufi56@gmail.com,9435897134,3530
Jensen.Kent,RegnbuesommerenDelfin67,Jensen,Kent,tar-asimibo54@aol.com,5063679245,3530
Frederick.Graham,RosenhagenPanda11,Frederick,Graham,juluve_lexe15@aol.com,6897834870,3530
Uriel.Reese,BlomsterflatenTiger22,Uriel,Reese,mawosu_tiso75@outlook.com,4933536422,3530
Makaila.Wheeler,SolsikkenKoala99,Makaila,Wheeler,cege-wipufe99@hotmail.com,3698128354,3530
Johnny.Cobb,VannspeiletHai45,Johnny,Cobb,fuhej_irexu43@outlook.com,8428822586,3530
Amanda.Stout,FuglekvitteretSlange63,Amanda,Stout,jujocu_zala70@outlook.com,6252426731,3530
Ernest.Long,LyngblomstenGepard78,Ernest,Long,bave-rureco8@yahoo.com,4322624615,3530
Payton.Houston,SkogtjernetGiraff27,Payton,Houston,xapa_lawode76@hotmail.com,2453955428,3530
Bentley.Huff,FjellrosenElefant36,Bentley,Huff,nuda_xavucu46@hotmail.com,5458681968,3530
Evangeline.Woodard,SommerbrisenHusky58,Evangeline,Woodard,caw_oxojupa23@outlook.com,3813444702,3530
Bryant.King,HimmelskKatt29,Bryant,King,xacumi_loma41@hotmail.com,4617888952,3530
Edwin.Stephens,SjobunnenApe53,Edwin,Stephens,xoguziz_alu32@gmail.com,5053012424,3530
Christine.Simon,BlomsterengaLove88,Christine,Simon,luzewa-sibo1@gmail.com,7603614719,3530
Braedon.Torres,SjobolgenHval41,Braedon,Torres,cir-ureyuca31@yahoo.com,7012687820,3530
Micheal.Dickerson,HimmelhavetDelfin29,Micheal,Dickerson,yuca-finuke98@aol.com,8296956798,3530
Derek.Glass,SolsikkerPanda17,Derek,Glass,kun_exajulo86@aol.com,3614886463,3530
Caitlyn.Henry,StjernehimmelenTiger94,Caitlyn,Henry,gir-esifara3@hotmail.com,9427592889,3530
Shane.Stokes,RegnvorsdagenKoala62,Shane,Stokes,gejufaf_iko21@gmail.com,4684903963,3530
Stephen.Patterson,SkogbunnenHai78,Stephen,Patterson,miver_oyaca29@outlook.com,7312661513,3530
Mauricio.Johns,VintermorgenenSlange53,Mauricio,Johns,tem_ihutuwa55@hotmail.com,6599355768,3530
Jan.Delacruz,KongeRiket95,Jan,Delacruz,gecawu-nina94@hotmail.com,9334704928,3530
Casey.Whitney,Skj�nnhetsGudinnen1973,Casey,Whitney,yup-ewayesu2@yahoo.com,6548677898,3530
Kelsie.Barron,Sn�kvinnenSvaldbard52,Kelsie,Barron,xivebe-guxa95@yahoo.com,2029576505,3530
Roy.Douglas,TrollJegeren66,Roy,Douglas,liron_edigo92@aol.com,3616416311,3530
Shiloh.Watson,GruveDykkeren2003,Shiloh,Watson,ciw_agiciru29@hotmail.com,5644515243,3530
Ainsley.Gray,TrollmannenFraOS1941,Ainsley,Gray,vigiwi_cime4@outlook.com,7777129288,3530
Madison.Dean,UgressEter32,Madison,Dean,xicuhus_imu58@outlook.com,7284826637,3530
Mariyah.Tapia,Nytt�rsBarnet51,Mariyah,Tapia,yenuwak-umi73@mail.com,3425269248,3530
Charlie.Dixon,B�tf�rerenOdin3,Charlie,Dixon,simaje_gaha44@aol.com,5197382867,3530
Taylor.Alexander,AlexTheGreat2002,Taylor,Alexander,mazec_idufo86@gmail.com,4845374246,3530
Bria.Wilkinson,VampyrsolenOslo91,Bria,Wilkinson,juzav_adeji30@gmail.com,3302429451,3530
Kierra.Werner,FjellskrentenKoala72,Kierra,Werner,yudami-tutu10@hotmail.com,5249410611,3530
Levi.Chapman,SkogbunnenHai88,Levi,Chapman,fid_upovape97@yahoo.com,3439478262,3530
Felix.Jensen,VintermorgenenSlange45,Felix,Jensen,haxan-aneza7@aol.com,8606037343,3530
Rey.Hendricks,SvalbardgosaGepard36,Rey,Hendricks,tiyo-duhivu17@hotmail.com,2599915787,3530
Grady.Carlson,SommersolGiraff21,Grady,Carlson,hit-uyutifo58@aol.com,7833686858,3530
Braelyn.Lozano,MorgendisenElefant77,Braelyn,Lozano,tivafu_buze8@outlook.com,6564080958,3530
Paula.Reyes,FjellstienHusky45,Paula,Reyes,tegopa-voce51@yahoo.com,5259100924,3530
Mariela.Bird,MonenattenKatt32,Mariela,Bird,ginuye_dabu76@hotmail.com,7654576041,3530
Kason.Villanueva,SjokantenApe59,Kason,Villanueva,tuharuw_oje68@gmail.com,7588011635,3530
Gunner.Petersen,BlomsterhagenLove83,Gunner,Petersen,bani_rusewa55@aol.com,3732163944,3530
Zaire.Jennings,StjerneskuddetHval27,Zaire,Jennings,mebofi_gopi53@gmail.com,7123102434,3530
Malaki.Barrett,RegnbuebroenDelfin49,Malaki,Barrett,zaceho_yisi69@hotmail.com,2863710771,3530
Jayvon.Sanders,SvalbardgosaPanda66,Jayvon,Sanders,bebacal_ote25@mail.com,8625739167,3530
Keyon.Garrison,SoloppgangenTiger14,Keyon,Garrison,kebov-ewati44@yahoo.com,2487099524,3530
Carly.Collins,SkredderenCarly44,Carly,Collins,lilasi_fiye41@hotmail.com,2779920147,3530
Cecilia.Castillo,ElvebreddenHai98,Cecilia,Castillo,mawe_zoxahe29@hotmail.com,3168501322,3530
Aubrie.Hammond,SommerbrisSlange53,Aubrie,Hammond,moha_gapege50@yahoo.com,2338385486,3530
Reese.Wong,NordlysGepard76,Reese,Wong,layig-ojusi37@gmail.com,6129322129,3530
Sophie.Carter,MorgensolGiraff28,Sophie,Carter,laz_ajetanu96@yahoo.com,8242109078,3530
Aidan.Horn,VannkantenElefant91,Aidan,Horn,gab-omesoce62@gmail.com,2864517812,3530
Violet.Griffin,HavbunnenHusky65,Violet,Griffin,zihohit_ive24@yahoo.com,4597397413,3530
Jayden.Mays,StjernehimmelenKatt37,Jayden,Mays,feb-osiseti14@hotmail.com,4212813587,3530
Charlie.Robles,VintermorketApe44,Charlie,Robles,feh-efetopa2@aol.com,8298790696,3530
Kelly.Molina,SolskinnstimenLove79,Kelly,Molina,xajeve-xoge82@hotmail.com,6847710272,3530
Ryker.Salinas,FjellskrentenHval52,Ryker,Salinas,deh_ulidone99@gmail.com,9678967506,3530
Konner.Flores,NattfuglenDelfin18,Konner,Flores,kubu_vedomo42@hotmail.com,6544044160,3530
Kiara.Jhansen,RegnbuesommerenPanda63,Kiara,Jhansen,beyapa-fore60@mail.com,2168906489,3530
Myles.olavson,SkyggenTiger86,Myles,olavson,yidoxow-imi8@aol.com,7336810059,3530
Kennedy.gunnar,IskaldKoala39,Kennedy,gunnar,san-axahoxa26@hotmail.com,7117348973,3530
Helena.Samsung,ElvebreddenHai74,Helena,Samsung,heruveb-ona56@gmail.com,6729960320,3530
Gillian.gjerdingen,SommerbrisSlange22,Gillian,gjerdingen,mola-zigafa52@mail.com,2039068099,3530
Selena.hansen,NordlysGepard57,Selena,hansen,xeyafoc_uyi24@outlook.com,3838651918,3530
Kamryn.hansen,MorgensolGiraff33,Kamryn,hansen,zereh-idoba66@mail.com,4976352022,3530
Mathias.hansen,VannkantenElefant69,Mathias,hansen,cebo_texore49@gmail.com,2397446918,3530
Samir.hansen,HavbunnenHusky84,Samir,hansen,vatali-xumi73@gmail.com,8529001919,3530
Kristopher.hansen,StjernehimmelenKatt25,Kristopher,hansen,sodehez-axe97@mail.com,7083994421,3530
